{"cameraMode":{"drawMode":0,"name":"Shaded","section":"Shading Mode"},"sceneLighting":true,"audioPlay":false,"sceneViewState":{"showFog":true,"showMaterialUpdate":false,"showSkybox":true,"showFlares":true,"showImageEffects":true,"showParticleSystems":true},"in2DMode":false,"pivot":{"x":1.979628562927246,"y":0.9111987948417664,"z":-2.6765122413635256},"rotation":{"x":-0.004597643855959177,"y":-0.9922687411308289,"z":0.03871793672442436,"w":-0.117839016020298},"size":1.6494964361190797,"orthographic":false}